"0","# remove blank samples"
"0","ps <-  ps_all %>%"
"0","  ps_filter(sample != ""trap_blank_fix"") %>%"
"0","  ps_filter(sample != ""trap_blank_live"")"
"0",""
"0","# remove replicate samples"
"0","ps <- ps %>%"
"0","  ps_dedupe(method = ""random"", #set.seed(1) for reproducibility"
"0","            vars = c(""replicates_check"", ""station_id""),"
"0","            .message_IDs = TRUE) #using dedupe function to randomly select one replicate"
"2","155 groups: with 1 to 2 samples each
"
"2","Dropped 15 samples.
"
"2","C1-1-T7-Fix-SFDNA20-1, C1-2-T7-Fix-SFDNA20-2, C1-3-T7-Fix-SFDNA20, C1-4-T4-Fix-TDNA0-2, C1-4-T7-Fix-SFDNA20, C2-1-T4-Fix-TDNA-0-2, C2-1-T7-Fix-SFDNA-0-2, C2-1-T7-Fix-SFDNA20, C2-1-T9-Live-SFDNA20, C2-2-T4-FixTDNA-0-2, C2-2-T7-Fix-SFDNA20-2, C4-2-T4METAB0-2, C4-2-T4SFMETAB201-2, C4-3-T9-Live-SFDNA0-2, C5-340-McClane-DNA-3-2
"
"0","# Remove fixed traps SA3 540 m. Dominated by 1 ASV."
"0","ps <-  ps %>%"
"0","  ps_filter(sample_name != ""C5-4-T4-Fix-TDNA-0-2"") %>%"
"0","  ps_filter(sample_name != ""C5-4-T7-Fix-SFDNA20"")"
"0",""
"0","# remove CTD samples that are sampled lower than 40 m"
"0","ps <- ps %>%"
"0","  ps_filter(!(sample == ""water_CTD"" & depth >=41))"
"0",""
"0",""
"0","# order depths"
"0","ps <- ps %>% "
"0","  ps_mutate(depth = factor(depth, levels = unique(depth))) %>%"
"0","  ps_mutate(depth = fct_relevel(depth, c(""428"", ""780"", ""1051"", ""1405"", ""2604"", ""540"", ""500"", ""340"",""300"", ""200"", ""140"", ""110"", ""100"", ""70"", ""40"", ""30"", ""25"", ""20"", ""12"", ""5""))) %>%"
"0","  ps_mutate(depth_category = factor(depth_category, levels = unique (depth_category))) %>%"
"0","  ps_mutate(depth_category = fct_relevel(depth_category, c(""6"", ""5"", ""4"", ""3"", ""2"", ""1"")))"
"0",""
"0",""
"0","# order cycles"
"0","ps <- ps %>% "
"0","  ps_mutate(cycle_name = factor(cycle_name, levels = unique(cycle_name))) %>%"
"0","  ps_mutate(cycle_name = fct_relevel(cycle_name, c(""ST1"", ""ST2"", ""SA-Sc-A"", ""SA-Sc-B"",""SA1"",""SA2"")))  %>%"
"0","  ps_mutate(cycle_name_2 = fct_relevel(cycle_name_2, c(""ST1"", ""ST2"", ""SA-Sc"", ""SA1"",""SA2""))) "
"0",""
"0","# checks"
"0","tax_table(ps) %>% head ()"
"1","Taxonomy Table:     [6 taxa by 10 taxonomic ranks]:"
"1","
"
"1","             "
"1"," domain     "
"1"," supergroup      "
"1"," division     "
"1"," subdivision     "
"1"," class              "
"1"," order          "
"1"," family                "
"1"," genus                   "
"1","
asv_047_00003"
"1"," ""Eukaryota"""
"1"," ""TSAR""          "
"1"," ""Alveolata""  "
"1"," ""Dinoflagellata"""
"1"," ""Syndiniales""      "
"1"," ""Dino-Group-I"" "
"1"," ""Dino-Group-I-Clade-1"""
"1"," ""Dino-Group-I-Clade-1_X"""
"1","
asv_047_00006"
"1"," ""Eukaryota"""
"1"," ""Archaeplastida"""
"1"," ""Chlorophyta"""
"1"," ""Chlorophyta_X"" "
"1"," ""Chloropicophyceae"""
"1"," ""Chloropicales"""
"1"," ""Chloropicaceae""      "
"1"," ""Chloroparvula""         "
"1","
asv_047_00009"
"1"," ""Eukaryota"""
"1"," ""TSAR""          "
"1"," ""Rhizaria""   "
"1"," ""Radiolaria""    "
"1"," ""Polycystinea""     "
"1"," ""Spumellaria""  "
"1"," ""Spumellaria_1""       "
"1"," ""Spumellaria_1_X""       "
"1","
asv_047_00012"
"1"," ""Eukaryota"""
"1"," ""Haptista""      "
"1"," ""Haptophyta"" "
"1"," ""Haptophyta_X""  "
"1"," ""Prymnesiophyceae"" "
"1"," ""Phaeocystales"""
"1"," ""Phaeocystaceae""      "
"1"," ""Phaeocystis""           "
"1","
asv_047_00017"
"1"," ""Eukaryota"""
"1"," ""Archaeplastida"""
"1"," ""Chlorophyta"""
"1"," ""Chlorophyta_X"" "
"1"," ""Mamiellophyceae""  "
"1"," ""Mamiellales""  "
"1"," ""Bathycoccaceae""      "
"1"," ""Ostreococcus""          "
"1","
asv_047_00018"
"1"," ""Eukaryota"""
"1"," ""Archaeplastida"""
"1"," ""Chlorophyta"""
"1"," ""Chlorophyta_X"" "
"1"," ""Mamiellophyceae""  "
"1"," ""Mamiellales""  "
"1"," ""Mamiellaceae""        "
"1"," ""Micromonas""            "
"1","
"
"1","             "
"1"," species                     "
"1"," ASV            "
"1","
asv_047_00003"
"1"," ""Dino-Group-I-Clade-1_X_sp."""
"1"," ""asv_047_00003"""
"1","
asv_047_00006"
"1"," ""Chloroparvula_pacifica""    "
"1"," ""asv_047_00006"""
"1","
asv_047_00009"
"1"," ""Spumellaria_1_X_sp.""       "
"1"," ""asv_047_00009"""
"1","
asv_047_00012"
"1"," ""Phaeocystis_antarctica""    "
"1"," ""asv_047_00012"""
"1","
asv_047_00017"
"1"," ""Ostreococcus_sp.""          "
"1"," ""asv_047_00017"""
"1","
asv_047_00018"
"1"," ""Micromonas_commoda_A2""     "
"1"," ""asv_047_00018"""
"1","
"
"0","rank_names(ps)"
"1"," [1]"
"1"," ""domain""     "
"1"," ""supergroup"" "
"1"," ""division""   "
"1"," ""subdivision"""
"1"," ""class""      "
"1"," ""order""      "
"1"," ""family""     "
"1"," ""genus""      "
"1"," ""species""    "
"1"," ""ASV""        "
"1","
"
"0","sample_names(ps) %>% head(10)"
"1"," [1]"
"1"," ""C1-100-McClane-DNA""   "
"1"," ""C1-1-T7-Fix-SFDNA20""  "
"1"," ""C1-2-T7-Fix-SFDNA20""  "
"1"," ""C1-300-McClane-DNA""   "
"1"," ""C1-3-T7-Fix-SFDNA20-1"""
"1"," ""C1-4-T4-Fix-TDNA0-2-1"""
"1"," ""C1-4-T7-Fix-SFDNA20-2"""
"1","
"
"1"," [8]"
"1"," ""C1-500-McClane-DNA""   "
"1"," ""C1-70-McClane-DNA""    "
"1"," ""C2-100-McClane-DNA""   "
"1","
"
"0","# check samples included"
"0","check <- data.frame(ps@sam_data) %>%"
"0","  select(sample_name, metadata_code, substrate_description_detailed, replicate, replicates_check, date, station_id, fraction_name, depth, cycle_name, cycle_name_2, sample)"
"0",""
"0",""
"0","ps <- phyloseq_validate(ps)"
"0",""
"0","ps"
"1","phyloseq-class experiment-level object"
"1","
"
"1","otu_table()   OTU Table:         [ 5935 taxa and 143 samples ]"
"1","
"
"1","sample_data() Sample Data:       [ 143 samples by 59 sample variables ]"
"1","
"
"1","tax_table()   Taxonomy Table:    [ 5935 taxa by 10 taxonomic ranks ]"
"1","
"
